No;Tahun;Kabupaten/Kota;Jumlah Kasus TBC;Succes Rate Kasus TBC;Jumlah Kematian Kasus TBC;Jumlah Rumah Sakit Umum;Jumlah Rumah Sakit Khusus;Puskesmas;Jumlah Klinik Pratama;Total FasKes;Kepadatan / Km2;Kemiskinan;Latitude;Longitude
1;2020;Cilacap;3951;2645;83;11;1;55;32;99;915;11,46;-7,7158568;108,9909857
2;2020;Banyumas;4213;3869;67;16;7;63;34;120;1331;13,26;-7,4546306;109,0037617
3;2020;Purbalingga;1366;1211;38;7;1;33;16;57;1474;15,90;-7,3269695;109,2392833
4;2020;Banjarnegara;1263;1159;34;4;0;55;6;65;994;15,64;-7,3555864;109,4747613
5;2020;Kebumen;2548;2382;61;11;0;59;13;83;1114;17,59;-7,6435694;109,4445137
6;2020;Purworejo;763;647;39;10;2;42;10;64;705;11,78;-7,7076377;109,8051532
7;2020;Wonosobo;1884;1858;8;3;1;40;7;51;896;17,36;-7,3994258;109,7408687
8;2020;Magelang;773;694;31;6;0;55;16;77;1179;11,27;-7,5131949;110,0799588
9;2020;Boyolali;1491;891;21;11;0;37;18;66;1054;10,18;-7,3867208;110,4418277
10;2020;Klaten;1322;947;83;9;3;53;17;82;1915;12,89;-7,6746231;110,5405109
11;2020;Sukoharjo;744;684;34;8;2;14;32;56;1856;7,68;-7,6824759;110,6666228
12;2020;Wonogiri;1083;991;56;9;0;63;8;80;582;10,86;-7,9615369;110,8719263
13;2020;Karanganyar;573;541;6;7;1;27;26;61;1202;10,28;-7,6192270;110,7866142
14;2020;Sragen;872;873;22;10;1;29;26;66;1038;13,38;-7,3919058;110,7973292
15;2020;Grobogan;1202;628;33;9;0;47;10;66;722;12,46;-7,1282961;110,7293894
16;2020;Blora;1366;1289;38;6;0;42;15;63;490;11,96;-7,1101832;111,2033983
17;2020;Rembang;972;883;31;3;0;19;3;25;727;15,60;-6,7694848;111,2975816
18;2020;Pati;1754;1533;114;10;0;45;45;100;889;10,08;-6,7032850;110,7074074
19;2020;Kudus;1589;1485;37;7;3;28;24;62;1997;7,31;-6,7972812;110,7031673
20;2020;Jepara;1236;1170;27;6;0;28;22;56;1119;7,17;-6,2602431;110,2400804
21;2020;Demak;1653;1501;25;4;0;43;33;80;1338;12,54;-6,9226798;110,4831422
22;2020;Semarang;1017;937;11;5;0;40;36;81;1108;7,51;-7,2874221;110,2917978
23;2020;Temanggung;664;583;25;4;0;48;6;58;943;9,96;-7,2395287;109,9667067
24;2020;Kendal;1518;1356;30;5;0;50;14;69;911;9,99;-7,0200369;109,9745892
25;2020;Batang;1207;1069;40;3;0;37;7;47;1017;9,13;-7,0316319;109,6985733
26;2020;Pekalongan;1267;1230;23;3;1;46;5;55;1157;10,19;-7,0415109;109,4762593
27;2020;Pemalang;1947;1759;25;9;0;43;13;65;1316;16,02;-7,0101725;109,2275803
28;2020;Tegal;3497;3220;154;8;1;48;23;80;1823;8,14;-7,0554558;108,9911053
29;2020;Brebes;3054;2288;38;13;1;53;20;87;1040;17,03;-7,0444059;108,6046304
30;2020;Kota Magelang;1073;821;34;6;2;10;6;24;7567;7,58;-7,4729668;110,1763247
31;2020;Kota Surakarta;1803;1596;95;15;4;29;25;73;11353;9,03;-7,5591220;110,7776124
32;2020;Kota Salatiga;826;799;8;4;2;11;16;33;3353;4,94;-7,3262106;110,4764858
33;2020;Kota Semarang;4304;2927;18;20;9;61;112;202;4424;4,34;-7,0245522;110,3346637
34;2020;Kota Pekalongan;778;697;33;9;0;24;6;39;6788;7,17;-6,8937190;109,6371488
35;2020;Kota Tegal;2342;1954;19;3;1;15;9;28;6901;7,80;-6,8697224;109,0977415
36;2021;Cilacap;2848;2443;122;12;1;38;59;110;924;11,67;-7,7158568;108,9909857
37;2021;Banyumas;3406;2684;191;17;7;40;54;118;1340;13,66;-7,4546306;109,0037617
38;2021;Purbalingga;1067;915;37;7;1;22;21;51;1487;16,24;-7,3269695;109,2392833
39;2021;Banjarnegara;894;825;30;4;0;35;12;51;1003;16,23;-7,3555864;109,4747613
40;2021;Kebumen;1896;1602;126;11;0;35;25;71;1124;17,83;-7,6435694;109,4445137
41;2021;Purworejo;541;397;38;10;2;27;15;54;709;12,40;-7,7076377;109,8051532
42;2021;Wonosobo;1095;905;29;3;1;24;24;52;903;17,67;-7,3994258;109,7408687
43;2021;Magelang;662;576;24;6;0;29;23;58;1184;11,91;-7,5131949;110,0799588
44;2021;Boyolali;457;363;24;12;0;25;24;61;1061;10,62;-7,3867208;110,4418277
45;2021;Klaten;702;613;25;9;3;34;19;65;1925;13,49;-7,6746231;110,5405109
46;2021;Sukoharjo;663;613;29;8;2;12;70;92;1864;8,23;-7,6824759;110,6666228
47;2021;Wonogiri;692;602;52;9;0;34;18;61;585;11,55;-7,9615369;110,8719263
48;2021;Karanganyar;416;380;9;7;1;21;44;73;1211;10,68;-7,6192270;110,7866142
49;2021;Sragen;624;520;21;10;1;25;47;83;1045;13,83;-7,3919058;110,7973292
50;2021;Grobogan;902;740;20;8;0;30;11;49;725;12,74;-7,1282961;110,7293894
51;2021;Blora;976;856;70;6;0;26;21;53;491;12,39;-7,1101832;111,2033983
52;2021;Rembang;598;510;36;3;0;17;4;24;730;15,80;-6,7694848;111,2975816
53;2021;Pati;1375;1165;82;10;0;29;56;95;894;10,21;-6,7032850;110,7074074
54;2021;Kudus;1193;928;57;7;3;19;21;50;2005;7,60;-6,7972812;110,7031673
55;2021;Jepara;925;827;34;6;0;22;12;40;1122;7,44;-6,2602431;110,2400804
56;2021;Demak;1373;1259;27;5;0;27;31;63;1347;12,92;-6,9226798;110,4831422
57;2021;Semarang;642;551;12;5;0;26;53;84;1115;7,82;-7,2874221;110,2917978
58;2021;Temanggung;493;349;37;4;0;26;13;43;948;10,17;-7,2395287;109,9667067
59;2021;Kendal;1369;1173;42;5;0;30;32;67;917;10,24;-7,0200369;109,9745892
60;2021;Batang;861;740;35;3;0;21;12;36;1023;9,68;-7,0316319;109,6985733
61;2021;Pekalongan;1199;1129;44;3;1;27;8;39;1167;10,57;-7,0415109;109,4762593
62;2021;Pemalang;1457;1272;23;9;0;25;16;50;1328;16,56;-7,0101725;109,2275803
63;2021;Tegal;3016;2534;129;8;1;29;34;72;1836;8,60;-7,0554558;108,9911053
64;2021;Brebes;2065;1627;64;13;1;38;31;83;1047;17,43;-7,0444059;108,6046304
65;2021;Kota Magelang;651;485;30;6;2;5;12;25;7572;7,75;-7,4729668;110,1763247
66;2021;Kota Surakarta;1192;1031;76;15;4;17;44;80;11361;9,40;-7,5591220;110,7776124
67;2021;Kota Salatiga;461;398;23;4;2;6;17;29;3374;5,14;-7,3262106;110,4764858
68;2021;Kota Semarang;2695;2064;162;22;10;37;66;135;4432;4,56;-7,0245522;110,3346637
69;2021;Kota Pekalongan;582;488;29;9;0;14;10;33;6813;7,59;-6,8937190;109,6371488
70;2021;Kota Tegal;2107;1603;40;3;1;8;6;18;6950;8,12;-6,8697224;109,0977415
71;2022;Cilacap;2745;2345;133;12;1;55;37;105;930;11,02;-7,7158568;108,9909857
72;2022;Banyumas;3701;3107;209;18;7;64;37;126;1360;12,84;-7,4546306;109,0037617
73;2022;Purbalingga;1038;929;60;7;1;33;18;59;1311;15,30;-7,3269695;109,2392833
74;2022;Banjarnegara;832;758;24;4;0;55;7;66;971;15,20;-7,3555864;109,4747613
75;2022;Kebumen;2082;1693;164;11;0;59;16;86;1073;16,41;-7,6435694;109,4445137
76;2022;Purworejo;546;455;39;10;2;40;11;63;752;11,53;-7,7076377;109,8051532
77;2022;Wonosobo;1291;1090;40;3;1;40;10;54;910;16,17;-7,3994258;109,7408687
78;2022;Magelang;545;460;25;6;0;55;19;80;1209;11,09;-7,5131949;110,0799588
79;2022;Boyolali;520;416;32;12;1;36;19;68;1064;9,82;-7,3867208;110,4418277
80;2022;Klaten;1001;873;43;10;3;53;19;85;1946;12,33;-7,6746231;110,5405109
81;2022;Sukoharjo;704;654;28;8;2;14;33;57;1964;7,61;-7,6824759;110,6666228
82;2022;Wonogiri;625;552;39;9;0;63;8;80;580;10,99;-7,9615369;110,8719263
83;2022;Karanganyar;345;328;11;7;1;27;31;66;1227;9,85;-7,6192270;110,7866142
84;2022;Sragen;499;429;25;11;1;29;28;69;1048;12,94;-7,3919058;110,7973292
85;2022;Grobogan;926;692;21;9;1;47;13;70;744;11,80;-7,1282961;110,7293894
86;2022;Blora;772;664;40;6;0;42;13;61;495;11,53;-7,1101832;111,2033983
87;2022;Rembang;614;547;35;4;0;19;3;26;642;14,65;-6,7694848;111,2975816
88;2022;Pati;1373;1126;113;10;0;45;34;89;898;9,33;-6,7032850;110,7074074
89;2022;Kudus;1753;1546;58;7;3;28;24;62;2014;7,41;-6,7972812;110,7031673
90;2022;Jepara;851;781;25;6;0;30;26;62;1188;6,88;-6,2602431;110,2400804
91;2022;Demak;1043;969;29;5;0;39;35;79;1363;12,09;-6,9226798;110,4831422
92;2022;Semarang;577;512;8;5;0;41;38;84;1128;7,27;-7,2874221;110,2917978
93;2022;Temanggung;521;462;35;4;0;46;6;56;919;9,33;-7,2395287;109,9667067
94;2022;Kendal;1329;1065;29;6;0;50;22;78;1031;9,48;-7,0200369;109,9745892
95;2022;Batang;855;756;30;3;0;37;6;46;1031;8,98;-7,0316319;109,6985733
96;2022;Pekalongan;1311;1255;28;4;1;46;8;59;1180;9,67;-7,0415109;109,4762593
97;2022;Pemalang;1618;1425;30;9;0;43;16;68;1483;15,06;-7,0101725;109,2275803
98;2022;Tegal;2803;2314;110;8;1;48;26;83;1846;7,90;-7,0554558;108,9911053
99;2022;Brebes;2396;1873;58;13;1;53;26;93;1213;16,05;-7,0444059;108,6046304
100;2022;Kota Magelang;729;392;35;6;2;10;7;25;6715;7,10;-7,4729668;110,1763247
101;2022;Kota Surakarta;1223;1080;69;15;4;29;27;75;11788;8,84;-7,5591220;110,7776124
102;2022;Kota Salatiga;414;392;8;4;2;11;16;33;3683;4,73;-7,3262106;110,4764858
103;2022;Kota Semarang;3257;2647;194;22;10;61;117;210;4442;4,25;-7,0245522;110,3346637
104;2022;Kota Pekalongan;544;504;19;9;0;24;8;41;6889;7,00;-6,8937190;109,6371488
105;2022;Kota Tegal;1996;1710;10;3;1;15;11;30;8069;7,91;-6,8697224;109,0977415
106;2023;Cilacap;3863;3224;189;12;1;52;39;104;864;10,99;-7,7158568;108,9909857
107;2023;Banyumas;5810;5264;326;18;7;64;38;127;1314;12,53;-7,4546306;109,0037617
108;2023;Purbalingga;1955;1765;48;7;1;33;18;59;1275;14,99;-7,3269695;109,2392833
109;2023;Banjarnegara;1216;1094;59;4;0;55;12;71;915;14,90;-7,3555864;109,4747613
110;2023;Kebumen;2678;2225;176;11;0;59;27;97;1048;16,34;-7,6435694;109,4445137
111;2023;Purworejo;946;767;81;11;1;40;15;67;729;11,33;-7,7076377;109,8051532
112;2023;Wonosobo;1885;1712;59;4;1;40;10;55;899;15,58;-7,3994258;109,7408687
113;2023;Magelang;960;832;39;7;0;49;19;75;1178;10,96;-7,5131949;110,0799588
114;2023;Boyolali;908;754;52;12;0;38;28;78;994;9,81;-7,3867208;110,4418277
115;2023;Klaten;1716;1519;53;12;1;53;18;84;1839;12,28;-7,6746231;110,5405109
116;2023;Sukoharjo;1358;1238;41;8;2;14;32;56;1890;7,58;-7,6824759;110,6666228
117;2023;Wonogiri;1268;1135;78;9;0;63;8;80;552;10,94;-7,9615369;110,8719263
118;2023;Karanganyar;807;749;11;8;1;26;46;81;1189;9,79;-7,6192270;110,7866142
119;2023;Sragen;1028;879;35;11;1;29;33;74;1003;12,87;-7,3919058;110,7973292
120;2023;Grobogan;1824;1682;51;11;1;47;13;72;738;11,72;-7,1282961;110,7293894
121;2023;Blora;1310;1165;50;6;1;42;12;61;461;11,49;-7,1101832;111,2033983
122;2023;Rembang;1126;994;59;4;0;19;4;27;636;14,17;-6,7694848;111,2975816
123;2023;Pati;2137;1813;127;10;0;45;36;91;864;9,31;-6,7032850;110,7074074
124;2023;Kudus;2285;2018;87;8;3;28;25;64;1955;7,24;-6,7972812;110,7031673
125;2023;Jepara;1349;1179;46;6;0;30;27;63;1196;6,61;-6,2602431;110,2400804
126;2023;Demak;1700;1532;71;5;0;39;35;79;1269;12,01;-6,9226798;110,4831422
127;2023;Semarang;870;782;11;6;0;41;40;87;1060;7,17;-7,2874221;110,2917978
128;2023;Temanggung;717;573;51;4;0;46;15;65;935;9,26;-7,2395287;109,9667067
129;2023;Kendal;2055;1672;60;6;0;50;23;79;1044;9,39;-7,0200369;109,9745892
130;2023;Batang;1264;1085;55;3;0;38;7;48;967;8,92;-7,0316319;109,6985733
131;2023;Pekalongan;1820;1724;38;5;1;47;8;61;1128;9,67;-7,0415109;109,4762593
132;2023;Pemalang;2884;2635;61;9;0;43;19;71;1340;15,03;-7,0101725;109,2275803
133;2023;Tegal;4448;3957;175;10;1;48;24;83;1682;7,30;-7,0554558;108,9911053
134;2023;Brebes;5211;4364;78;14;1;53;25;93;1172;15,78;-7,0444059;108,6046304
135;2023;Kota Magelang;1134;898;69;6;2;10;8;26;6581;6,11;-7,4729668;110,1763247
136;2023;Kota Surakarta;2124;1830;99;16;4;29;27;76;11277;8,44;-7,5591220;110,7776124
137;2023;Kota Salatiga;1189;1071;22;4;2;12;18;36;3618;4,66;-7,3262106;110,4764858
138;2023;Kota Semarang;6142;5210;311;21;12;66;117;216;4580;4,23;-7,0245522;110,3346637
139;2023;Kota Pekalongan;838;796;18;8;0;24;11;43;6873;6,81;-6,8937190;109,6371488
140;2023;Kota Tegal;2725;2376;26;3;1;15;12;31;7238;7,68;-6,8697224;109,0977415
141;2024;Cilacap;4164;3497;170;12;1;38;41;92;901;10,68;-7,7158568;108,9909857
142;2024;Banyumas;8547;5945;361;18;7;40;42;107;1391;11,95;-7,4546306;109,0037617
143;2024;Purbalingga;2387;2160;79;7;2;22;18;49;1334;14,18;-7,3269695;109,2392833
144;2024;Banjarnegara;1394;1227;70;4;0;35;7;46;993;14,71;-7,3555864;109,4747613
145;2024;Kebumen;2723;2309;211;11;1;35;18;65;1060;15,71;-7,6435694;109,4445137
146;2024;Purworejo;943;765;82;11;1;27;17;56;768;10,87;-7,7076377;109,8051532
147;2024;Wonosobo;1803;1622;61;4;1;24;8;37;935;15,28;-7,3994258;109,7408687
148;2024;Magelang;1016;844;35;7;0;29;22;58;1236;10,83;-7,5131949;110,0799588
149;2024;Boyolali;1314;1156;67;13;0;25;21;59;1017;9,63;-7,3867208;110,4418277
150;2024;Klaten;1785;1525;68;12;1;34;18;65;1846;12,04;-7,6746231;110,5405109
151;2024;Sukoharjo;1719;1431;58;8;1;12;34;55;2018;7,47;-7,6824759;110,6666228
152;2024;Wonogiri;1449;1271;80;9;0;34;13;56;588;10,71;-7,9615369;110,8719263
153;2024;Karanganyar;1034;885;24;8;1;21;31;61;1253;9,59;-7,6192270;110,7866142
154;2024;Sragen;1192;1047;51;12;1;25;34;72;1010;12,41;-7,3919058;110,7973292
155;2024;Grobogan;2251;2041;79;11;1;30;17;59;762;11,43;-7,1282961;110,7293894
156;2024;Blora;1337;1099;52;9;2;26;15;52;464;11,42;-7,1101832;111,2033983
157;2024;Rembang;1305;1133;50;4;0;17;4;25;641;14,02;-6,7694848;111,2975816
158;2024;Pati;2331;1995;102;10;1;29;36;76;871;9,17;-6,7032850;110,7074074
159;2024;Kudus;2546;2300;129;8;3;19;27;57;2077;7,23;-6,7972812;110,7031673
160;2024;Jepara;1689;1489;55;6;0;22;29;57;1228;6,09;-6,2602431;110,2400804
161;2024;Demak;1930;1738;81;6;0;27;37;70;1396;11,89;-6,9226798;110,4831422
162;2024;Semarang;908;809;14;6;0;26;41;73;1147;6,96;-7,2874221;110,2917978
163;2024;Temanggung;830;683;40;4;0;26;7;37;936;8,67;-7,2395287;109,9667067
164;2024;Kendal;2098;1713;63;7;0;30;26;63;1062;9,35;-7,0200369;109,9745892
165;2024;Batang;1419;1136;79;3;0;21;7;31;978;8,73;-7,0316319;109,6985733
166;2024;Pekalongan;2033;1825;66;5;1;27;9;42;1219;8,95;-7,0415109;109,4762593
167;2024;Pemalang;3288;3013;119;9;0;25;19;53;1382;14,92;-7,0101725;109,2275803
168;2024;Tegal;4794;4280;160;10;1;29;25;65;1702;6,81;-7,0554558;108,9911053
169;2024;Brebes;5589;4390;120;14;2;38;28;82;1167;15,60;-7,0444059;108,6046304
170;2024;Kota Magelang;1133;858;100;7;2;5;8;22;6600;5,94;-7,4729668;110,1763247
171;2024;Kota Surakarta;2478;2103;140;16;5;17;26;64;11283;8,31;-7,5591220;110,7776124
172;2024;Kota Salatiga;1172;1024;41;4;2;6;18;30;3661;4,57;-7,3262106;110,4764858
173;2024;Kota Semarang;6843;5573;363;25;12;38;118;193;4572;4,03;-7,0245522;110,3346637
174;2024;Kota Pekalongan;996;884;52;8;0;14;8;30;7096;6,71;-6,8937190;109,6371488
175;2024;Kota Tegal;3086;2583;31;3;1;8;12;24;7200;7,64;-6,8697224;109,0977415
